{
  "name": "A Form",
  "form": "d10a82e6-7a27-4023-a000-891819f4251f",
  "blocks": [
    {
      "id": "2bde50ad-e333-48c3-88af-00501b70a7b1",
      "label": "A Form - Do Nothing Trigger",
      "environment": "HOSTED",
      "presentation": "{\"w\":60,\"x\":0,\"h\":60,\"y\":0}",
      "step": "d5977822-34b8-40bc-94f8-867d4ee209a6",
      "stepType": "INTEGRATION"
    },
    {
      "id": "b1e6b494-37d8-4cff-ad5c-147ac9ba9e65",
      "label": "Is It Now Business Hours?",
      "environment": "HOSTED",
      "presentation": "{\"w\":60,\"x\":170,\"h\":60,\"y\":0}",
      "step": "e892bea8-badb-4a8a-9269-4df1908b28cc",
      "stepType": "SCRIPT_STEP",
      "inputMappings": [
        {
          "inputPort": "input",
          "mapping": "-08:00",
          "stepInput": "db00b952-bab3-4ee9-bca6-643d1689b402"
        },
        {
          "inputPort": "input",
          "mapping": "09:00",
          "stepInput": "ea3a4cdf-896d-4ef3-8baf-ddf2e3fced01"
        },
        {
          "inputPort": "input",
          "mapping": "17:00",
          "stepInput": "ed7b6e3e-d18b-40ef-b0c4-e3c96ee2b7d2"
        },
        {
          "inputPort": "input",
          "mapping": "0,1,2,3,4",
          "stepInput": "bc9c2ea6-9d45-4b32-89f6-daed64c93c9a"
        }
      ]
    }
  ],
  "edges": [
    {
      "fromBlock": "2bde50ad-e333-48c3-88af-00501b70a7b1",
      "fromPort": "output",
      "toBlock": "b1e6b494-37d8-4cff-ad5c-147ac9ba9e65",
      "toPort": "input"
    }
  ]
}