[
  {
    "id": "9b8bddb4-0b47-47af-85ce-5e232db902ee",
    "name": "Do Nothing Trigger",
    "description": "Just triggers a flow",
    "icon": "/static/images/script_steps/http-trigger.png",
    "script": "//",
    "endpointLabel": "",
    "allowedEnvironment": "HOSTED",
    "accessibleByAll": "NotShared",
    "scriptStepType": "CUSTOM_HTTP",
    "inputs": [],
    "outputs": [
      {
        "id": "bb2ae329-1257-415c-a7c2-31f7e7ffc61c",
        "name": "Data",
        "description": "",
        "position": 0
      }
    ],
    "libraries": []
  },
  {
    "id": "e892bea8-badb-4a8a-9269-4df1908b28cc",
    "name": "Is It Now Business Hours?",
    "description": "Checks the current time in the given timezone offset is between the start and end times. Outputs Yes/No.",
    "icon": "/static/images/script_steps/default-brackets.png",
    "script": "var dayStart = input['Business Hours Start'];\nvar dayEnd   = input['Business Hours End'];\nvar tzOffset = input['Timezone Offset'];\nvar days     = input['Business Days'].split(',');\n\nvar now = new Date();\n\nconsole.log( 'Now: ' + now );\nconsole.log( 'busniessTime Start: ' + dayStart );\nconsole.log( 'busniessTime End:   ' + dayEnd );\nconsole.log( 'tzOffset:           ' + tzOffset );\n\nvar startUTC = buildUTCtime( dayStart, tzOffset );\nvar endUTC   = buildUTCtime( dayEnd,   tzOffset );\n\nconsole.log( 'startUTC: ' + startUTC );\nconsole.log( 'endUTC: ' + endUTC );\n\nconsole.log( 'after start? ' +  (startUTC < now) + \n            '. before end? ' + (now < endUTC) + \n            '. days? ' + (days.indexOf( now.getDay().toString() ) > -1) );\n\n\nvar result = ( startUTC < now && now < endUTC && days.indexOf( now.getDay().toString() ) > -1 );\nif( result ) {\n    console.log( 'Is Business Hours' );\n    result = \"Yes\";\n}\nelse {\n    console.log( 'Is NOT Business Hours' );\n    result = \"No\";\n}\n\noutput['Result'] = result;\n\n\nfunction buildUTCtime( busniessTime, offset ) {\n\n   var now = new Date();\n   \n   var temp = busniessTime.split( \":\" );\n   var businessHH   = temp[0];\n   var businessMM   = temp[1];\n\n   // Must be in the form +-dd:dd\n   temp = offset.match( /(\\-|\\+)(\\d\\d):(\\d\\d)/ );\n   if( !temp || temp.length != 4 ) {\n       throw \"ERROR Parsing offset '\" + offset + \"' should be in the form +-NN:NN\";\n   }\n   \n   offsetSign = temp[1];\n   offsetHH   = temp[2];\n   offsetMM   = temp[3];\n   \n   // The setHours and setMinutes below will take care of\n   // over/under 24/60 and carry as appropriate. \n   if( offsetSign == \"-\" ){\n       hours   = parseInt( businessHH ) + parseInt( offsetHH );\n       minutes = parseInt( businessMM ) + parseInt( offsetMM );\n   }\n   else {\n       hours   = parseInt( businessHH ) - parseInt( offsetHH );\n       minutes = parseInt( businessMM ) - parseInt( offsetMM );\n   }\n   \n   var then = new Date( now.getUTCFullYear(), now.getUTCMonth(), now.getUTCDate() );\n   then.setUTCHours( hours );\n   then.setUTCMinutes( minutes );\n   then.setUTCSeconds( 0 );\n   then.setUTCMilliseconds( 0 );\n\n   return then;\n}",
    "allowedEnvironment": "HOSTED",
    "accessibleByAll": "NotShared",
    "scriptStepType": "USER",
    "inputs": [
      {
        "id": "db00b952-bab3-4ee9-bca6-643d1689b402",
        "name": "Timezone Offset",
        "helpText": "The number of hours from GMT in +dd:dd format. -08:00 is pacific time.",
        "defaultValue": "-08:00",
        "multiline": false,
        "required": true,
        "maxLength": 8,
        "minLength": 0,
        "position": 0
      },
      {
        "id": "ea3a4cdf-896d-4ef3-8baf-ddf2e3fced01",
        "name": "Business Hours Start",
        "helpText": "The start time of the business day in 24 hour clock.",
        "defaultValue": "09:00",
        "multiline": false,
        "required": true,
        "maxLength": 8,
        "minLength": 0,
        "position": 1
      },
      {
        "id": "ed7b6e3e-d18b-40ef-b0c4-e3c96ee2b7d2",
        "name": "Business Hours End",
        "helpText": "The end time of the business day in 24 hour clock.",
        "defaultValue": "17:00",
        "multiline": false,
        "required": true,
        "maxLength": 8,
        "minLength": 0,
        "position": 2
      },
      {
        "id": "bc9c2ea6-9d45-4b32-89f6-daed64c93c9a",
        "name": "Business Days",
        "helpText": "A comma separated list of the business days, Sunday - Saturday : 0 - 6",
        "defaultValue": "0,1,2,3,4",
        "multiline": false,
        "required": true,
        "maxLength": 14,
        "minLength": 0,
        "position": 3
      }
    ],
    "outputs": [
      {
        "id": "44ac2bbf-8e94-4d16-8e26-5bf41dc86e43",
        "name": "Result",
        "position": 0
      }
    ],
    "libraries": []
  }
]